Title,Author,Rating,Ratings count,Reviews count,Pages,First published,Cover image,book_url,Genre
Harry Potter and the Philosopher’s Stone,J.K. Rowling,4.47,"9,392,848 ratings","149,406 reviews","223 pages, Paperback","First published June 26, 1997",https://images-na.ssl-images-amazon.com/images/S/compressed.photo.goodreads.com/books/1170803558l/72193.jpg,https://www.goodreads.com/book/show/72193.Harry_Potter_and_the_Philosopher_s_Stone,Fantasy
Harry Potter and the Chamber of Secrets,J.K. Rowling,4.43,"3,647,256 ratings","72,580 reviews","341 pages, Hardcover","First published July 2, 1998",https://images-na.ssl-images-amazon.com/images/S/compressed.photo.goodreads.com/books/1474169725i/15881.jpg,https://www.goodreads.com/book/show/15881.Harry_Potter_and_the_Chamber_of_Secrets,Fantasy
Harry Potter and the Prisoner of Azkaban,J.K. Rowling,4.58,"3,865,520 ratings","76,425 reviews","435 pages, Mass Market Paperback","First published July 8, 1999",https://images-na.ssl-images-amazon.com/images/S/compressed.photo.goodreads.com/books/1630547330i/5.jpg,https://www.goodreads.com/book/show/5.Harry_Potter_and_the_Prisoner_of_Azkaban,Fantasy
The Hobbit,J.R.R. Tolkien,4.28,"3,709,210 ratings","64,963 reviews","366 pages, Paperback","First published September 21, 1937",https://images-na.ssl-images-amazon.com/images/S/compressed.photo.goodreads.com/books/1546071216i/5907.jpg,https://www.goodreads.com/book/show/5907.The_Hobbit,Fantasy
Harry Potter and the Goblet of Fire,J.K. Rowling,4.56,"3,442,808 ratings","63,249 reviews","734 pages, Paperback","First published July 8, 2000",https://images-na.ssl-images-amazon.com/images/S/compressed.photo.goodreads.com/books/1554006152i/6.jpg,https://www.goodreads.com/book/show/6.Harry_Potter_and_the_Goblet_of_Fire,Fantasy
Harry Potter and the Order of the Phoenix,J.K. Rowling,4.50,"3,184,361 ratings","58,107 reviews","912 pages, Paperback","First published June 21, 2003",https://images-na.ssl-images-amazon.com/images/S/compressed.photo.goodreads.com/books/1546910265i/2.jpg,https://www.goodreads.com/book/show/2.Harry_Potter_and_the_Order_of_the_Phoenix,Fantasy
Harry Potter and the Half-Blood Prince,J.K. Rowling,4.58,"3,082,800 ratings","52,925 reviews","652 pages, Paperback","First published July 16, 2005",https://images-na.ssl-images-amazon.com/images/S/compressed.photo.goodreads.com/books/1587697303i/1.jpg,https://www.goodreads.com/book/show/1.Harry_Potter_and_the_Half_Blood_Prince,Fantasy
Harry Potter and the Deathly Hallows,J.K. Rowling,4.62,"3,504,978 ratings","80,405 reviews","759 pages, Hardcover","First published July 21, 2007",https://images-na.ssl-images-amazon.com/images/S/compressed.photo.goodreads.com/books/1663805647i/136251.jpg,https://www.goodreads.com/book/show/136251.Harry_Potter_and_the_Deathly_Hallows,Fantasy
A Game of Thrones,George R.R. Martin,4.44,"2,376,225 ratings","61,109 reviews","835 pages, Mass Market Paperback","First published August 6, 1996",https://images-na.ssl-images-amazon.com/images/S/compressed.photo.goodreads.com/books/1562726234i/13496.jpg,https://www.goodreads.com/book/show/13496.A_Game_of_Thrones,Fantasy
The Fellowship of the Ring,J.R.R. Tolkien,4.38,"2,706,688 ratings","35,169 reviews","432 pages, Kindle Edition","First published July 29, 1954",https://images-na.ssl-images-amazon.com/images/S/compressed.photo.goodreads.com/books/1654215925i/61215351.jpg,https://www.goodreads.com/book/show/61215351-the-fellowship-of-the-ring,Fantasy
A Clash of Kings,George R.R. Martin,4.41,"897,994 ratings","26,728 reviews","969 pages, Paperback","First published November 16, 1998",https://images-na.ssl-images-amazon.com/images/S/compressed.photo.goodreads.com/books/1567840212i/10572.jpg,https://www.goodreads.com/book/show/10572.A_Clash_of_Kings,Fantasy
The Name of the Wind,Patrick Rothfuss,4.52,"903,049 ratings","51,320 reviews","662 pages, Hardcover","First published March 27, 2007",https://images-na.ssl-images-amazon.com/images/S/compressed.photo.goodreads.com/books/1270352123i/186074.jpg,https://www.goodreads.com/book/show/186074.The_Name_of_the_Wind,Fantasy
The Two Towers,J.R.R. Tolkien,4.47,"902,976 ratings","17,103 reviews","448 pages, Kindle Edition","First published November 11, 1954",https://images-na.ssl-images-amazon.com/images/S/compressed.photo.goodreads.com/books/1654216149i/61215372.jpg,https://www.goodreads.com/book/show/61215372-the-two-towers,Fantasy
The Return of the King,J.R.R. Tolkien,4.56,"841,193 ratings","16,164 reviews","432 pages, Kindle Edition","First published October 20, 1955",https://images-na.ssl-images-amazon.com/images/S/compressed.photo.goodreads.com/books/1654216226i/61215384.jpg,https://www.goodreads.com/book/show/61215384-the-return-of-the-king,Fantasy
A Court of Thorns and Roses,Sarah J. Maas,4.20,"1,621,155 ratings","129,014 reviews","419 pages, Paperback","First published May 5, 2015",https://images-na.ssl-images-amazon.com/images/S/compressed.photo.goodreads.com/books/1620324329i/50659467.jpg,https://www.goodreads.com/book/show/50659467-a-court-of-thorns-and-roses,Fantasy
Six of Crows,Leigh Bardugo,4.50,"834,049 ratings","91,316 reviews","465 pages, Hardcover","First published September 29, 2015",https://images-na.ssl-images-amazon.com/images/S/compressed.photo.goodreads.com/books/1651710803i/23437156.jpg,https://www.goodreads.com/book/show/23437156-six-of-crows,Fantasy
The Final Empire,Brandon Sanderson,4.47,"601,953 ratings","44,675 reviews","537 pages, Hardcover","First published July 17, 2006",https://images-na.ssl-images-amazon.com/images/S/compressed.photo.goodreads.com/books/1617768316i/68428.jpg,https://www.goodreads.com/book/show/68428.The_Final_Empire,Fantasy
"The Lion, the Witch and the Wardrobe",C.S. Lewis,4.23,"2,646,064 ratings","30,351 reviews","206 pages, Paperback","First published October 16, 1950",https://images-na.ssl-images-amazon.com/images/S/compressed.photo.goodreads.com/books/1353029077i/100915.jpg,https://www.goodreads.com/book/show/100915.The_Lion_the_Witch_and_the_Wardrobe,Fantasy
The Lightning Thief,Rick Riordan,4.30,"2,736,132 ratings","86,711 reviews","377 pages, Paperback","First published July 28, 2005",https://images-na.ssl-images-amazon.com/images/S/compressed.photo.goodreads.com/books/1400602609i/28187.jpg,https://www.goodreads.com/book/show/28187.The_Lightning_Thief,Fantasy
A Storm of Swords,George R.R. Martin,4.54,"749,178 ratings","24,320 reviews","1177 pages, Mass Market Paperback","First published August 8, 2000",https://images-na.ssl-images-amazon.com/images/S/compressed.photo.goodreads.com/books/1571318786i/62291.jpg,https://www.goodreads.com/book/show/62291.A_Storm_of_Swords,Fantasy
Shadow and Bone,Leigh Bardugo,3.94,"881,997 ratings","79,032 reviews","358 pages, Hardcover","First published June 5, 2012",https://images-na.ssl-images-amazon.com/images/S/compressed.photo.goodreads.com/books/1339533695i/10194157.jpg,https://www.goodreads.com/book/show/10194157-shadow-and-bone,Fantasy
A Feast for Crows,George R.R. Martin,4.15,"705,163 ratings","23,603 reviews","1061 pages, Mass Market Paperback","First published October 17, 2005",https://images-na.ssl-images-amazon.com/images/S/compressed.photo.goodreads.com/books/1661026821i/13497.jpg,https://www.goodreads.com/book/show/13497.A_Feast_for_Crows,Fantasy
The Golden Compass,Philip Pullman,4.02,"1,475,134 ratings","26,802 reviews","399 pages, Hardcover","First published July 1, 1995",https://images-na.ssl-images-amazon.com/images/S/compressed.photo.goodreads.com/books/1505766203i/119322.jpg,https://www.goodreads.com/book/show/119322.The_Golden_Compass,Fantasy
Throne of Glass,Sarah J. Maas,4.19,"1,079,241 ratings","73,073 reviews","432 pages, Paperback","First published August 7, 2012",https://images-na.ssl-images-amazon.com/images/S/compressed.photo.goodreads.com/books/1673566495i/76703559.jpg,https://www.goodreads.com/book/show/76703559-throne-of-glass,Fantasy
Eragon,Christopher Paolini,3.94,"1,690,050 ratings","25,934 reviews","503 pages, Paperback","First published June 1, 2002",https://images-na.ssl-images-amazon.com/images/S/compressed.photo.goodreads.com/books/1366212852i/113436.jpg,https://www.goodreads.com/book/show/113436.Eragon,Fantasy
A Dance with Dragons,George R.R. Martin,4.33,"628,302 ratings","23,841 reviews","1125 pages, Kindle Edition","First published July 12, 2011",https://images-na.ssl-images-amazon.com/images/S/compressed.photo.goodreads.com/books/1581625286i/10664113.jpg,https://www.goodreads.com/book/show/10664113-a-dance-with-dragons,Fantasy
The Cruel Prince,Holly Black,4.07,"958,459 ratings","88,097 reviews","370 pages, Hardcover","First published January 2, 2018",https://images-na.ssl-images-amazon.com/images/S/compressed.photo.goodreads.com/books/1574535986i/26032825.jpg,https://www.goodreads.com/book/show/26032825-the-cruel-prince,Fantasy
American Gods,Neil Gaiman,4.11,"890,590 ratings","45,062 reviews","635 pages, Kindle Edition","First published June 19, 2001",https://images-na.ssl-images-amazon.com/images/S/compressed.photo.goodreads.com/books/1462924585i/30165203.jpg,https://www.goodreads.com/book/show/30165203-american-gods,Fantasy
The Night Circus,Erin Morgenstern,4.02,"909,042 ratings","96,565 reviews","400 pages, Hardcover","First published September 13, 2011",https://images-na.ssl-images-amazon.com/images/S/compressed.photo.goodreads.com/books/1387124618i/9361589.jpg,https://www.goodreads.com/book/show/9361589-the-night-circus,Fantasy
A Court of Mist and Fury,Sarah J. Maas,4.63,"1,178,094 ratings","104,140 reviews","624 pages, Paperback","First published May 3, 2016",https://images-na.ssl-images-amazon.com/images/S/compressed.photo.goodreads.com/books/1620325671i/50659468.jpg,https://www.goodreads.com/book/show/50659468-a-court-of-mist-and-fury,Fantasy
City of Bones,Cassandra Clare,4.08,"1,930,124 ratings","72,991 reviews","485 pages, Hardcover","First published March 27, 2007",https://images-na.ssl-images-amazon.com/images/S/compressed.photo.goodreads.com/books/1432730315i/256683.jpg,https://www.goodreads.com/book/show/256683.City_of_Bones,Fantasy
Twilight,Stephenie Meyer,3.64,"6,220,241 ratings","123,429 reviews","498 pages, Paperback","First published October 5, 2005",https://images-na.ssl-images-amazon.com/images/S/compressed.photo.goodreads.com/books/1361039443i/41865.jpg,https://www.goodreads.com/book/show/41865.Twilight,Fantasy
A Darker Shade of Magic,V.E. Schwab,4.06,"319,446 ratings","39,669 reviews","400 pages, Hardcover","First published February 24, 2015",https://images-na.ssl-images-amazon.com/images/S/compressed.photo.goodreads.com/books/1400322851i/22055262.jpg,https://www.goodreads.com/book/show/22055262-a-darker-shade-of-magic,Fantasy
"Good Omens: The Nice and Accurate Prophecies of Agnes Nutter, Witch",Terry Pratchett,4.25,"690,777 ratings","35,802 reviews","491 pages, Mass Market Paperback","First published January 1, 1990",https://images-na.ssl-images-amazon.com/images/S/compressed.photo.goodreads.com/books/1615552073i/12067.jpg,https://www.goodreads.com/book/show/12067.Good_Omens,Fantasy
The Way of Kings,Brandon Sanderson,4.65,"437,016 ratings","30,563 reviews","1007 pages, Hardcover","First published August 31, 2010",https://images-na.ssl-images-amazon.com/images/S/compressed.photo.goodreads.com/books/1659905828i/7235533.jpg,https://www.goodreads.com/book/show/7235533-the-way-of-kings,Fantasy
Crooked Kingdom,Leigh Bardugo,4.61,"562,482 ratings","63,966 reviews","561 pages, Kindle Edition","First published September 27, 2016",https://images-na.ssl-images-amazon.com/images/S/compressed.photo.goodreads.com/books/1456172607i/22299763.jpg,https://www.goodreads.com/book/show/22299763-crooked-kingdom,Fantasy
Stardust,Neil Gaiman,4.10,"430,761 ratings","23,938 reviews","248 pages, Paperback","First published January 1, 1998",https://images-na.ssl-images-amazon.com/images/S/compressed.photo.goodreads.com/books/1459127484i/16793.jpg,https://www.goodreads.com/book/show/16793.Stardust,Fantasy
Neverwhere,Neil Gaiman,4.17,"506,347 ratings","27,810 reviews","370 pages, Paperback","First published September 16, 1996",https://images-na.ssl-images-amazon.com/images/S/compressed.photo.goodreads.com/books/1348747943i/14497.jpg,https://www.goodreads.com/book/show/14497.Neverwhere,Fantasy
A Court of Wings and Ruin,Sarah J. Maas,4.45,"954,984 ratings","69,264 reviews","699 pages, Paperback","First published May 2, 2017",https://images-na.ssl-images-amazon.com/images/S/compressed.photo.goodreads.com/books/1585623092i/50659472.jpg,https://www.goodreads.com/book/show/50659472-a-court-of-wings-and-ruin,Fantasy
The Sea of Monsters,Rick Riordan,4.24,"1,048,849 ratings","40,376 reviews","279 pages, Hardcover","First published April 1, 2006",https://images-na.ssl-images-amazon.com/images/S/compressed.photo.goodreads.com/books/1400602661i/28186.jpg,https://www.goodreads.com/book/show/28186.The_Sea_of_Monsters,Fantasy
The Wise Man's Fear,Patrick Rothfuss,4.55,"525,436 ratings","26,091 reviews","994 pages, Hardcover","First published March 1, 2011",https://images-na.ssl-images-amazon.com/images/S/compressed.photo.goodreads.com/books/1452624392i/1215032.jpg,https://www.goodreads.com/book/show/1215032.The_Wise_Man_s_Fear,Fantasy
The Lord of the Rings,J.R.R. Tolkien,4.52,"649,339 ratings","13,954 reviews","1216 pages, Paperback","First published October 20, 1955",https://images-na.ssl-images-amazon.com/images/S/compressed.photo.goodreads.com/books/1566425108i/33.jpg,https://www.goodreads.com/book/show/33.The_Lord_of_the_Rings,Fantasy
The Well of Ascension,Brandon Sanderson,4.38,"412,013 ratings","24,623 reviews","592 pages, Hardcover","First published August 21, 2007",https://images-na.ssl-images-amazon.com/images/S/compressed.photo.goodreads.com/books/1619538925i/68429.jpg,https://www.goodreads.com/book/show/68429.The_Well_of_Ascension,Fantasy
Assassin's Apprentice,Robin Hobb,4.17,"301,623 ratings","15,067 reviews","435 pages, Mass Market Paperback","First published May 1, 1995",https://images-na.ssl-images-amazon.com/images/S/compressed.photo.goodreads.com/books/1673728072i/77197.jpg,https://www.goodreads.com/book/show/77197.Assassin_s_Apprentice,Fantasy
Siege and Storm,Leigh Bardugo,3.83,"554,843 ratings","53,773 reviews","435 pages, Hardcover","First published June 4, 2013",https://images-na.ssl-images-amazon.com/images/S/compressed.photo.goodreads.com/books/1362166252i/14061955.jpg,https://www.goodreads.com/book/show/14061955-siege-and-storm,Fantasy
The Lies of Locke Lamora,Scott Lynch,4.30,"278,393 ratings","19,222 reviews","752 pages, Kindle Edition","First published June 1, 2006",https://images-na.ssl-images-amazon.com/images/S/compressed.photo.goodreads.com/books/1458646334i/29588376.jpg,https://www.goodreads.com/book/show/29588376-the-lies-of-locke-lamora,Fantasy
Crown of Midnight,Sarah J. Maas,4.35,"688,448 ratings","50,101 reviews","432 pages, Hardcover","First published August 15, 2013",https://images-na.ssl-images-amazon.com/images/S/compressed.photo.goodreads.com/books/1673566594i/76705490.jpg,https://www.goodreads.com/book/show/76705490-crown-of-midnight,Fantasy
Harry Potter and the Cursed Child: Parts One and Two,J.K. Rowling,3.50,"956,448 ratings","71,943 reviews","343 pages, Hardcover","First published July 31, 2016",https://images-na.ssl-images-amazon.com/images/S/compressed.photo.goodreads.com/books/1470082995i/29056083.jpg,https://www.goodreads.com/book/show/29056083-harry-potter-and-the-cursed-child,Fantasy
The Ocean at the End of the Lane,Neil Gaiman,4.02,"585,561 ratings","56,546 reviews","181 pages, Hardcover","First published June 18, 2013",https://images-na.ssl-images-amazon.com/images/S/compressed.photo.goodreads.com/books/1497098563i/15783514.jpg,https://www.goodreads.com/book/show/15783514-the-ocean-at-the-end-of-the-lane,Fantasy
The Titan's Curse,Rick Riordan,4.36,"949,452 ratings","32,445 reviews","320 pages, Paperback","First published May 5, 2007",https://images-na.ssl-images-amazon.com/images/S/compressed.photo.goodreads.com/books/1361038385i/561456.jpg,https://www.goodreads.com/book/show/561456.The_Titan_s_Curse,Fantasy
Graceling,Kristin Cashore,4.07,"446,470 ratings","25,907 reviews","471 pages, Hardcover","First published October 1, 2008",https://images-na.ssl-images-amazon.com/images/S/compressed.photo.goodreads.com/books/1331548394i/3236307.jpg,https://www.goodreads.com/book/show/3236307-graceling,Fantasy
Red Queen,Victoria Aveyard,4.01,"918,775 ratings","63,348 reviews","388 pages, Hardcover","First published February 10, 2015",https://images-na.ssl-images-amazon.com/images/S/compressed.photo.goodreads.com/books/1449778912i/22328546.jpg,https://www.goodreads.com/book/show/22328546-red-queen,Fantasy
Uprooted,Naomi Novik,4.04,"222,640 ratings","28,017 reviews","438 pages, Hardcover","First published May 19, 2015",https://images-na.ssl-images-amazon.com/images/S/compressed.photo.goodreads.com/books/1550135418i/22544764.jpg,https://www.goodreads.com/book/show/22544764-uprooted,Fantasy
The Color of Magic,Terry Pratchett,4.00,"370,917 ratings","12,898 reviews","228 pages, Paperback","First published December 1, 1983",https://images-na.ssl-images-amazon.com/images/S/compressed.photo.goodreads.com/books/1407111017i/34497.jpg,https://www.goodreads.com/book/show/34497.The_Color_of_Magic,Fantasy
The Princess Bride,William Goldman,4.26,"875,592 ratings","24,550 reviews","429 pages, Paperback","First published September 1, 1973",https://images-na.ssl-images-amazon.com/images/S/compressed.photo.goodreads.com/books/1327903636i/21787.jpg,https://www.goodreads.com/book/show/21787.The_Princess_Bride,Fantasy
A Wizard of Earthsea,Ursula K. Le Guin,4.01,"297,996 ratings","14,198 reviews","183 pages, Paperback","First published January 1, 1968",https://images-na.ssl-images-amazon.com/images/S/compressed.photo.goodreads.com/books/1353424536i/13642.jpg,https://www.goodreads.com/book/show/13642.A_Wizard_of_Earthsea,Fantasy
The Battle of the Labyrinth,Rick Riordan,4.42,"988,341 ratings","29,462 reviews","361 pages, Hardcover","First published March 6, 2008",https://images-na.ssl-images-amazon.com/images/S/compressed.photo.goodreads.com/books/1518607478i/2120932.jpg,https://www.goodreads.com/book/show/2120932.The_Battle_of_the_Labyrinth,Fantasy
Howl’s Moving Castle,Diana Wynne Jones,4.29,"314,116 ratings","25,734 reviews","329 pages, Mass Market Paperback","First published April 1, 1986",https://images-na.ssl-images-amazon.com/images/S/compressed.photo.goodreads.com/books/1630502935i/6294.jpg,https://www.goodreads.com/book/show/6294.Howl_s_Moving_Castle,Fantasy
The Subtle Knife,Philip Pullman,4.14,"422,752 ratings","12,351 reviews","370 pages, Kindle Edition","First published July 22, 1997",https://images-na.ssl-images-amazon.com/images/S/compressed.photo.goodreads.com/books/1535965085i/41637836.jpg,https://www.goodreads.com/book/show/41637836-the-subtle-knife,Fantasy
Ruin and Rising,Leigh Bardugo,4.01,"473,812 ratings","50,395 reviews","350 pages, Hardcover","First published June 17, 2014",https://images-na.ssl-images-amazon.com/images/S/compressed.photo.goodreads.com/books/1392398530i/14061957.jpg,https://www.goodreads.com/book/show/14061957-ruin-and-rising,Fantasy
The Hunger Games,Suzanne Collins,4.33,"8,067,062 ratings","200,121 reviews","374 pages, Hardcover","First published September 14, 2008",https://images-na.ssl-images-amazon.com/images/S/compressed.photo.goodreads.com/books/1586722975i/2767052.jpg,https://www.goodreads.com/book/show/2767052-the-hunger-games,Fantasy
The Fifth Season,N.K. Jemisin,4.31,"240,500 ratings","27,481 reviews","468 pages, Paperback","First published August 4, 2015",https://images-na.ssl-images-amazon.com/images/S/compressed.photo.goodreads.com/books/1386803701i/19161852.jpg,https://www.goodreads.com/book/show/19161852-the-fifth-season,Fantasy
The Last Wish,Andrzej Sapkowski,4.14,"320,821 ratings","21,603 reviews","400 pages, Kindle Edition","First published January 31, 1993",https://images-na.ssl-images-amazon.com/images/S/compressed.photo.goodreads.com/books/1529591917i/40603587.jpg,https://www.goodreads.com/book/show/40603587-the-last-wish,Fantasy
The Last Olympian,Rick Riordan,4.54,"909,784 ratings","34,928 reviews","381 pages, Hardcover","First published May 5, 2009",https://images-na.ssl-images-amazon.com/images/S/compressed.photo.goodreads.com/books/1519022209i/4556058.jpg,https://www.goodreads.com/book/show/4556058-the-last-olympian,Fantasy
The Silmarillion,J.R.R. Tolkien,3.99,"273,288 ratings","11,871 reviews","386 pages, Hardcover","First published September 15, 1977",https://images-na.ssl-images-amazon.com/images/S/compressed.photo.goodreads.com/books/1610045590i/7332.jpg,https://www.goodreads.com/book/show/7332.The_Silmarillion,Fantasy
Heir of Fire,Sarah J. Maas,4.46,"592,882 ratings","43,730 reviews","576 pages, Hardcover","First published September 2, 2014",https://images-na.ssl-images-amazon.com/images/S/compressed.photo.goodreads.com/books/1673566654i/76706470.jpg,https://www.goodreads.com/book/show/76706470-heir-of-fire,Fantasy
The Invisible Life of Addie LaRue,V.E. Schwab,4.21,"880,792 ratings","115,740 reviews","444 pages, Hardcover","First published October 6, 2020",https://images-na.ssl-images-amazon.com/images/S/compressed.photo.goodreads.com/books/1584633432i/50623864.jpg,https://www.goodreads.com/book/show/50623864-the-invisible-life-of-addie-larue,Fantasy
The Magician's Nephew,C.S. Lewis,4.05,"511,991 ratings","18,949 reviews","221 pages, Mass Market Paperback","First published May 2, 1955",https://images-na.ssl-images-amazon.com/images/S/compressed.photo.goodreads.com/books/1308814770i/65605.jpg,https://www.goodreads.com/book/show/65605.The_Magician_s_Nephew,Fantasy
The Wicked King,Holly Black,4.32,"592,173 ratings","57,070 reviews","336 pages, ebook","First published January 8, 2019",https://images-na.ssl-images-amazon.com/images/S/compressed.photo.goodreads.com/books/1520620414i/26032887.jpg,https://www.goodreads.com/book/show/26032887-the-wicked-king,Fantasy
New Moon,Stephenie Meyer,3.58,"1,825,895 ratings","55,161 reviews","563 pages, Hardcover","First published September 6, 2006",https://images-na.ssl-images-amazon.com/images/S/compressed.photo.goodreads.com/books/1630592760i/49041.jpg,https://www.goodreads.com/book/show/49041.New_Moon,Fantasy
Circe,Madeline Miller,4.25,"901,287 ratings","89,085 reviews","393 pages, Hardcover","First published April 10, 2018",https://images-na.ssl-images-amazon.com/images/S/compressed.photo.goodreads.com/books/1565909496i/35959740.jpg,https://www.goodreads.com/book/show/35959740-circe,Fantasy
City of Ashes,Cassandra Clare,4.12,"899,209 ratings","35,261 reviews","453 pages, Hardcover","First published August 7, 2008",https://images-na.ssl-images-amazon.com/images/S/compressed.photo.goodreads.com/books/1432730356i/1582996.jpg,https://www.goodreads.com/book/show/1582996.City_of_Ashes,Fantasy
Eldest,Christopher Paolini,4.02,"419,903 ratings","10,969 reviews","704 pages, Paperback","First published August 23, 2005",https://images-na.ssl-images-amazon.com/images/S/compressed.photo.goodreads.com/books/1387119654i/45978.jpg,https://www.goodreads.com/book/show/45978.Eldest,Fantasy
Eclipse,Stephenie Meyer,3.72,"1,719,216 ratings","43,057 reviews","629 pages, Hardcover","First published August 7, 2007",https://images-na.ssl-images-amazon.com/images/S/compressed.photo.goodreads.com/books/1361038355i/428263.jpg,https://www.goodreads.com/book/show/428263.Eclipse,Fantasy
The House in the Cerulean Sea,T.J. Klune,4.43,"488,742 ratings","81,323 reviews","394 pages, Kindle Edition","First published March 16, 2020",https://images-na.ssl-images-amazon.com/images/S/compressed.photo.goodreads.com/books/1569514209i/45047384.jpg,https://www.goodreads.com/book/show/45047384-the-house-in-the-cerulean-sea,Fantasy
Miss Peregrine's Home for Peculiar Children,Ransom Riggs,3.92,"1,207,922 ratings","65,663 reviews","352 pages, Hardcover","First published June 7, 2011",https://images-na.ssl-images-amazon.com/images/S/compressed.photo.goodreads.com/books/1623449170i/9460487.jpg,https://www.goodreads.com/book/show/9460487-miss-peregrine-s-home-for-peculiar-children,Fantasy
The Amber Spyglass,Philip Pullman,4.10,"348,589 ratings","12,936 reviews","465 pages, Mass Market Paperback","First published October 10, 2000",https://images-na.ssl-images-amazon.com/images/S/compressed.photo.goodreads.com/books/1329189152i/18122.jpg,https://www.goodreads.com/book/show/18122.The_Amber_Spyglass,Fantasy
The Poppy War,R.F. Kuang,4.17,"191,883 ratings","31,771 reviews","545 pages, ebook","First published May 1, 2018",https://images-na.ssl-images-amazon.com/images/S/compressed.photo.goodreads.com/books/1515691735i/35068705.jpg,https://www.goodreads.com/book/show/35068705-the-poppy-war,Fantasy
The Thief,Megan Whalen Turner,3.86,"82,926 ratings","9,805 reviews","280 pages, Paperback","First published October 31, 1996",https://images-na.ssl-images-amazon.com/images/S/compressed.photo.goodreads.com/books/1427740839i/448873.jpg,https://www.goodreads.com/book/show/448873.The_Thief,Fantasy
Breaking Dawn,Stephenie Meyer,3.73,"1,620,096 ratings","51,860 reviews","756 pages, Hardcover","First published August 2, 2008",https://images-na.ssl-images-amazon.com/images/S/compressed.photo.goodreads.com/books/1361039438i/1162543.jpg,https://www.goodreads.com/book/show/1162543.Breaking_Dawn,Fantasy
An Ember in the Ashes,Sabaa Tahir,4.26,"273,478 ratings","32,342 reviews","446 pages, Paperback","First published April 28, 2015",https://images-na.ssl-images-amazon.com/images/S/compressed.photo.goodreads.com/books/1519425615i/27774758.jpg,https://www.goodreads.com/book/show/27774758-an-ember-in-the-ashes,Fantasy
The Graveyard Book,Neil Gaiman,4.15,"516,079 ratings","37,946 reviews","312 pages, Hardcover","First published September 30, 2008",https://images-na.ssl-images-amazon.com/images/S/compressed.photo.goodreads.com/books/1531295292i/2213661.jpg,https://www.goodreads.com/book/show/2213661.The_Graveyard_Book,Fantasy
City of Glass,Cassandra Clare,4.28,"930,956 ratings","33,233 reviews","541 pages, Hardcover","First published March 24, 2009",https://images-na.ssl-images-amazon.com/images/S/compressed.photo.goodreads.com/books/1369452339i/3777732.jpg,https://www.goodreads.com/book/show/3777732-city-of-glass,Fantasy
Queen of Shadows,Sarah J. Maas,4.57,"518,224 ratings","37,399 reviews","645 pages, Hardcover","First published September 1, 2015",https://images-na.ssl-images-amazon.com/images/S/compressed.photo.goodreads.com/books/1673566810i/76707900.jpg,https://www.goodreads.com/book/show/76707900-queen-of-shadows,Fantasy
The Blade Itself,Joe Abercrombie,4.20,"223,639 ratings","13,717 reviews","515 pages, Paperback","First published May 4, 2006",https://images-na.ssl-images-amazon.com/images/S/compressed.photo.goodreads.com/books/1284167912l/944073.jpg,https://www.goodreads.com/book/show/944073.The_Blade_Itself,Fantasy
Prince Caspian,C.S. Lewis,3.98,"417,376 ratings","10,684 reviews","240 pages, Hardcover","First published October 15, 1951",https://images-na.ssl-images-amazon.com/images/S/compressed.photo.goodreads.com/books/1308814880i/121749.jpg,https://www.goodreads.com/book/show/121749.Prince_Caspian,Fantasy
Clockwork Angel,Cassandra Clare,4.31,"802,824 ratings","40,337 reviews","479 pages, Hardcover","First published August 31, 2010",https://images-na.ssl-images-amazon.com/images/S/compressed.photo.goodreads.com/books/1454962884i/7171637.jpg,https://www.goodreads.com/book/show/7171637-clockwork-angel,Fantasy
The Great Hunt,Robert Jordan,4.26,"297,684 ratings","9,303 reviews","705 pages, Mass Market Paperback","First published November 15, 1990",https://images-na.ssl-images-amazon.com/images/S/compressed.photo.goodreads.com/books/1659905799i/233649.jpg,https://www.goodreads.com/book/show/233649.The_Great_Hunt,Fantasy
The Queen of Nothing,Holly Black,4.37,"530,722 ratings","53,149 reviews","300 pages, ebook","First published November 19, 2019",https://images-na.ssl-images-amazon.com/images/S/compressed.photo.goodreads.com/books/1553624975i/26032912.jpg,https://www.goodreads.com/book/show/26032912-the-queen-of-nothing,Fantasy
Daughter of Smoke & Bone,Laini Taylor,3.99,"360,031 ratings","33,234 reviews","418 pages, Hardcover","First published September 27, 2011",https://images-na.ssl-images-amazon.com/images/S/compressed.photo.goodreads.com/books/1461353773i/8490112.jpg,https://www.goodreads.com/book/show/8490112-daughter-of-smoke-bone,Fantasy
The Priory of the Orange Tree,Samantha Shannon,4.23,"156,247 ratings","26,110 reviews","848 pages, Kindle Edition","First published February 26, 2019",https://images-na.ssl-images-amazon.com/images/S/compressed.photo.goodreads.com/books/1527807139i/40275288.jpg,https://www.goodreads.com/book/show/40275288-the-priory-of-the-orange-tree,Fantasy
The Voyage of the Dawn Treader,C.S. Lewis,4.09,"452,449 ratings","9,853 reviews","248 pages, Hardcover","First published September 15, 1952",https://images-na.ssl-images-amazon.com/images/S/compressed.photo.goodreads.com/books/1661032500i/140225.jpg,https://www.goodreads.com/book/show/140225.The_Voyage_of_the_Dawn_Treader,Fantasy
A Wrinkle in Time,Madeleine L'Engle,3.99,"1,162,248 ratings","38,208 reviews","218 pages, Paperback","First published January 1, 1962",https://images-na.ssl-images-amazon.com/images/S/compressed.photo.goodreads.com/books/1507963312i/33574273.jpg,https://www.goodreads.com/book/show/33574273-a-wrinkle-in-time,Fantasy
The Bear and the Nightingale,Katherine Arden,4.10,"183,372 ratings","25,129 reviews","319 pages, Hardcover","First published January 10, 2017",https://images-na.ssl-images-amazon.com/images/S/compressed.photo.goodreads.com/books/1611440212i/25489134.jpg,https://www.goodreads.com/book/show/25489134-the-bear-and-the-nightingale,Fantasy
The Tales of Beedle the Bard,J.K. Rowling,4.04,"473,275 ratings","17,860 reviews","105 pages, Hardcover","First published January 1, 2008",https://images-na.ssl-images-amazon.com/images/S/compressed.photo.goodreads.com/books/1630876355i/3950967.jpg,https://www.goodreads.com/book/show/3950967-the-tales-of-beedle-the-bard,Fantasy
Caraval,Stephanie Garber,4.00,"377,006 ratings","48,668 reviews","407 pages, Hardcover","First published September 29, 2016",https://images-na.ssl-images-amazon.com/images/S/compressed.photo.goodreads.com/books/1465563623i/27883214.jpg,https://www.goodreads.com/book/show/27883214-caraval,Fantasy
The Gunslinger,Stephen King,3.93,"586,082 ratings","23,310 reviews","231 pages, Paperback","First published June 1, 1982",https://images-na.ssl-images-amazon.com/images/S/compressed.photo.goodreads.com/books/1554220416i/43615.jpg,https://www.goodreads.com/book/show/43615.The_Gunslinger,Fantasy
A Court of Frost and Starlight,Sarah J. Maas,3.79,"667,652 ratings","48,852 reviews","272 pages, Paperback","First published May 1, 2018",https://images-na.ssl-images-amazon.com/images/S/compressed.photo.goodreads.com/books/1585622963i/50659471.jpg,https://www.goodreads.com/book/show/50659471-a-court-of-frost-and-starlight,Fantasy
Brisingr,Christopher Paolini,4.08,"353,735 ratings","10,121 reviews","748 pages, Hardcover","First published September 20, 2008",https://images-na.ssl-images-amazon.com/images/S/compressed.photo.goodreads.com/books/1661030683i/2248573.jpg,https://www.goodreads.com/book/show/2248573.Brisingr,Fantasy
The Chronicles of Narnia,C.S. Lewis,4.27,"622,188 ratings","12,046 reviews","767 pages, Paperback","First published January 1, 1956",https://images-na.ssl-images-amazon.com/images/S/compressed.photo.goodreads.com/books/1661032875i/11127.jpg,https://www.goodreads.com/book/show/11127.The_Chronicles_of_Narnia,Fantasy
Dune,Frank Herbert,4.26,"1,226,137 ratings","54,269 reviews","658 pages, Hardcover","First published June 1, 1965",https://images-na.ssl-images-amazon.com/images/S/compressed.photo.goodreads.com/books/1555447414i/44767458.jpg,https://www.goodreads.com/book/show/44767458-dune,Science Fiction
Ender’s Game,Orson Scott Card,4.31,"1,320,110 ratings","47,971 reviews","324 pages, Mass Market Paperback","First published January 15, 1985",https://images-na.ssl-images-amazon.com/images/S/compressed.photo.goodreads.com/books/1408303130i/375802.jpg,https://www.goodreads.com/book/show/375802.Ender_s_Game,Science Fiction
The Hitchhiker's Guide to the Galaxy,Douglas Adams,4.23,"1,756,557 ratings","41,406 reviews","216 pages, Mass Market Paperback","First published October 12, 1979",https://images-na.ssl-images-amazon.com/images/S/compressed.photo.goodreads.com/books/1531891848i/11.jpg,https://www.goodreads.com/book/show/11.The_Hitchhiker_s_Guide_to_the_Galaxy,Science Fiction
The Martian,Andy Weir,4.41,"1,052,216 ratings","83,862 reviews","384 pages, Hardcover","First published September 27, 2011",https://images-na.ssl-images-amazon.com/images/S/compressed.photo.goodreads.com/books/1413706054i/18007564.jpg,https://www.goodreads.com/book/show/18007564-the-martian,Science Fiction
Ready Player One,Ernest Cline,4.23,"1,101,266 ratings","99,254 reviews","374 pages, Hardcover","First published August 16, 2011",https://images-na.ssl-images-amazon.com/images/S/compressed.photo.goodreads.com/books/1500930947i/9969571.jpg,https://www.goodreads.com/book/show/9969571-ready-player-one,Science Fiction
Fahrenheit 451,Ray Bradbury,3.97,"2,249,132 ratings","67,502 reviews","194 pages, Kindle Edition","First published October 19, 1953",https://images-na.ssl-images-amazon.com/images/S/compressed.photo.goodreads.com/books/1383718290i/13079982.jpg,https://www.goodreads.com/book/show/13079982-fahrenheit-451,Science Fiction
1984,George Orwell,4.19,"4,263,690 ratings","104,061 reviews","368 pages, Paperback","First published June 8, 1949",https://images-na.ssl-images-amazon.com/images/S/compressed.photo.goodreads.com/books/1657781256i/61439040.jpg,https://www.goodreads.com/book/show/61439040-1984,Science Fiction
The Hunger Games,Suzanne Collins,4.33,"8,067,062 ratings","200,121 reviews","374 pages, Hardcover","First published September 14, 2008",https://images-na.ssl-images-amazon.com/images/S/compressed.photo.goodreads.com/books/1586722975i/2767052.jpg,https://www.goodreads.com/book/show/2767052-the-hunger-games,Science Fiction
Brave New World,Aldous Huxley,3.99,"1,760,988 ratings","43,397 reviews","268 pages, Paperback","First published January 1, 1932",https://images-na.ssl-images-amazon.com/images/S/compressed.photo.goodreads.com/books/1575509280i/5129.jpg,https://www.goodreads.com/book/show/5129.Brave_New_World,Science Fiction
Foundation,Isaac Asimov,4.17,"510,967 ratings","14,981 reviews","244 pages, Hardcover","First published August 30, 1951",https://images-na.ssl-images-amazon.com/images/S/compressed.photo.goodreads.com/books/1417900846i/29579.jpg,https://www.goodreads.com/book/show/29579.Foundation,Science Fiction
Do Androids Dream of Electric Sheep?,Philip K. Dick,4.09,"425,737 ratings","17,732 reviews","258 pages, Kindle Edition","First published January 1, 1968",https://images-na.ssl-images-amazon.com/images/S/compressed.photo.goodreads.com/books/1507838927i/36402034.jpg,https://www.goodreads.com/book/show/36402034-do-androids-dream-of-electric-sheep,Science Fiction
Catching Fire,Suzanne Collins,4.31,"3,286,880 ratings","112,684 reviews","391 pages, Hardcover","First published September 1, 2009",https://images-na.ssl-images-amazon.com/images/S/compressed.photo.goodreads.com/books/1586722941i/6148028.jpg,https://www.goodreads.com/book/show/6148028-catching-fire,Science Fiction
Mockingjay,Suzanne Collins,4.07,"2,988,732 ratings","118,507 reviews","390 pages, Hardcover","First published August 24, 2010",https://images-na.ssl-images-amazon.com/images/S/compressed.photo.goodreads.com/books/1586722918i/7260188.jpg,https://www.goodreads.com/book/show/7260188-mockingjay,Science Fiction
The Time Machine,H.G. Wells,3.90,"496,681 ratings","15,034 reviews","118 pages, Paperback","First published January 1, 1895",https://images-na.ssl-images-amazon.com/images/S/compressed.photo.goodreads.com/books/1327942880i/2493.jpg,https://www.goodreads.com/book/show/2493.The_Time_Machine,Science Fiction
Neuromancer,William Gibson,3.90,"311,445 ratings","12,875 reviews","268 pages, Kindle Edition","First published January 1, 1984",https://images-na.ssl-images-amazon.com/images/S/compressed.photo.goodreads.com/books/1554437249i/6088007.jpg,https://www.goodreads.com/book/show/6088007-neuromancer,Science Fiction
"I, Robot",Isaac Asimov,4.21,"331,639 ratings","9,352 reviews","224 pages, Hardcover","First published December 2, 1950",https://images-na.ssl-images-amazon.com/images/S/compressed.photo.goodreads.com/books/1609035271i/41804.jpg,https://www.goodreads.com/book/show/41804.I_Robot,Science Fiction
Leviathan Wakes,James S.A. Corey,4.29,"245,563 ratings","16,822 reviews","592 pages, Paperback","First published June 2, 2011",https://images-na.ssl-images-amazon.com/images/S/compressed.photo.goodreads.com/books/1411013134i/8855321.jpg,https://www.goodreads.com/book/show/8855321-leviathan-wakes,Science Fiction
The Three-Body Problem,Cixin Liu,4.09,"271,804 ratings","25,834 reviews","399 pages, Hardcover","First published May 1, 2006",https://images-na.ssl-images-amazon.com/images/S/compressed.photo.goodreads.com/books/1415428227i/20518872.jpg,https://www.goodreads.com/book/show/20518872-the-three-body-problem,Science Fiction
Project Hail Mary,Andy Weir,4.52,"446,740 ratings","56,564 reviews","476 pages, Hardcover","First published May 4, 2021",https://images-na.ssl-images-amazon.com/images/S/compressed.photo.goodreads.com/books/1597695864i/54493401.jpg,https://www.goodreads.com/book/show/54493401-project-hail-mary,Science Fiction
All Systems Red,Martha Wells,4.16,"185,506 ratings","21,565 reviews","144 pages, ebook","First published May 2, 2017",https://images-na.ssl-images-amazon.com/images/S/compressed.photo.goodreads.com/books/1631585309i/32758901.jpg,https://www.goodreads.com/book/show/32758901-all-systems-red,Science Fiction
Jurassic Park,Michael Crichton,4.09,"921,344 ratings","17,961 reviews","466 pages, Kindle Edition","First published November 7, 1990",https://images-na.ssl-images-amazon.com/images/S/compressed.photo.goodreads.com/books/1529604411i/40604658.jpg,https://www.goodreads.com/book/show/40604658-jurassic-park,Science Fiction
2001: A Space Odyssey,Arthur C. Clarke,4.16,"302,219 ratings","7,952 reviews","297 pages, Paperback","First published April 28, 1968",https://images-na.ssl-images-amazon.com/images/S/compressed.photo.goodreads.com/books/1432468943i/70535.jpg,https://www.goodreads.com/book/show/70535.2001,Science Fiction
Divergent,Veronica Roth,4.15,"3,749,535 ratings","117,491 reviews","487 pages, Paperback","First published April 25, 2011",https://images-na.ssl-images-amazon.com/images/S/compressed.photo.goodreads.com/books/1618526890i/13335037.jpg,https://www.goodreads.com/book/show/13335037-divergent,Science Fiction
The War of the Worlds,H.G. Wells,3.83,"298,167 ratings","11,184 reviews","192 pages, Paperback","First published January 1, 1897",https://images-na.ssl-images-amazon.com/images/S/compressed.photo.goodreads.com/books/1320391644i/8909.jpg,https://www.goodreads.com/book/show/8909.The_War_of_the_Worlds,Science Fiction
The Handmaid’s Tale,Margaret Atwood,4.13,"1,916,694 ratings","90,591 reviews","314 pages, Paperback","First published January 1, 1985",https://images-na.ssl-images-amazon.com/images/S/compressed.photo.goodreads.com/books/1578028274i/38447.jpg,https://www.goodreads.com/book/show/38447.The_Handmaid_s_Tale,Science Fiction
Hyperion,Dan Simmons,4.26,"234,918 ratings","11,432 reviews","500 pages, Mass Market Paperback","First published May 26, 1989",https://images-na.ssl-images-amazon.com/images/S/compressed.photo.goodreads.com/books/1405546838i/77566.jpg,https://www.goodreads.com/book/show/77566.Hyperion,Science Fiction
The Left Hand of Darkness,Ursula K. Le Guin,4.09,"165,591 ratings","13,866 reviews","304 pages, Paperback","First published January 1, 1969",https://images-na.ssl-images-amazon.com/images/S/compressed.photo.goodreads.com/books/1488213612i/18423.jpg,https://www.goodreads.com/book/show/18423.The_Left_Hand_of_Darkness,Science Fiction
Stranger in a Strange Land,Robert A. Heinlein,3.92,"305,029 ratings","9,518 reviews","525 pages, Paperback","First published July 1, 1961",https://images-na.ssl-images-amazon.com/images/S/compressed.photo.goodreads.com/books/1156897088i/350.jpg,https://www.goodreads.com/book/show/350.Stranger_in_a_Strange_Land,Science Fiction
Dark Matter,Blake Crouch,4.13,"418,471 ratings","49,497 reviews","352 pages, Hardcover","First published July 26, 2016",https://images-na.ssl-images-amazon.com/images/S/compressed.photo.goodreads.com/books/1472119680i/27833670.jpg,https://www.goodreads.com/book/show/27833670-dark-matter,Science Fiction
The Restaurant at the End of the Universe,Douglas Adams,4.21,"274,566 ratings","7,875 reviews","250 pages, Paperback","First published October 12, 1980",https://images-na.ssl-images-amazon.com/images/S/compressed.photo.goodreads.com/books/1521213881i/8695.jpg,https://www.goodreads.com/book/show/8695.The_Restaurant_at_the_End_of_the_Universe,Science Fiction
Cinder,Marissa Meyer,4.13,"876,551 ratings","66,274 reviews","400 pages, Hardcover","First published January 3, 2012",https://images-na.ssl-images-amazon.com/images/S/compressed.photo.goodreads.com/books/1507557775i/36381037.jpg,https://www.goodreads.com/book/show/36381037-cinder,Science Fiction
The Martian Chronicles,Ray Bradbury,4.15,"250,922 ratings","10,396 reviews","182 pages, Mass Market Paperback","First published January 1, 1950",https://images-na.ssl-images-amazon.com/images/S/compressed.photo.goodreads.com/books/1661016554i/76778.jpg,https://www.goodreads.com/book/show/76778.The_Martian_Chronicles,Science Fiction
Red Rising,Pierce Brown,4.26,"346,250 ratings","34,058 reviews","382 pages, Hardcover","First published January 28, 2014",https://images-na.ssl-images-amazon.com/images/S/compressed.photo.goodreads.com/books/1461354651i/15839976.jpg,https://www.goodreads.com/book/show/15839976-red-rising,Science Fiction
Slaughterhouse-Five,Kurt Vonnegut Jr.,4.09,"1,314,466 ratings","36,485 reviews","275 pages, Paperback","First published March 31, 1969",https://images-na.ssl-images-amazon.com/images/S/compressed.photo.goodreads.com/books/1440319389i/4981.jpg,https://www.goodreads.com/book/show/4981.Slaughterhouse_Five,Science Fiction
Dune Messiah,Frank Herbert,3.89,"243,837 ratings","11,942 reviews","337 pages, Mass Market Paperback","First published July 1, 1969",https://images-na.ssl-images-amazon.com/images/S/compressed.photo.goodreads.com/books/1577043824i/44492285.jpg,https://www.goodreads.com/book/show/44492285-dune-messiah,Science Fiction
Frankenstein: The 1818 Text,Mary Wollstonecraft Shelley,3.85,"1,489,409 ratings","53,844 reviews","260 pages, Paperback","First published January 1, 1818",https://images-na.ssl-images-amazon.com/images/S/compressed.photo.goodreads.com/books/1631088473i/35031085.jpg,https://www.goodreads.com/book/show/35031085-frankenstein,Science Fiction
Snow Crash,Neal Stephenson,4.02,"270,710 ratings","11,582 reviews","559 pages, Kindle Edition","First published June 1, 1992",https://images-na.ssl-images-amazon.com/images/S/compressed.photo.goodreads.com/books/1589842551i/40651883.jpg,https://www.goodreads.com/book/show/40651883-snow-crash,Science Fiction
Speaker for the Dead,Orson Scott Card,4.09,"247,259 ratings","8,707 reviews","382 pages, Paperback","First published March 1, 1986",https://images-na.ssl-images-amazon.com/images/S/compressed.photo.goodreads.com/books/1295660894i/7967.jpg,https://www.goodreads.com/book/show/7967.Speaker_for_the_Dead,Science Fiction
Speaker for the Dead,Orson Scott Card,4.09,"247,259 ratings","8,707 reviews","382 pages, Paperback","First published March 1, 1986",https://images-na.ssl-images-amazon.com/images/S/compressed.photo.goodreads.com/books/1295660894i/7967.jpg,https://www.goodreads.com/book/show/7967.Speaker_for_the_Dead,Science Fiction
The Giver,Lois Lowry,4.12,"2,315,636 ratings","75,886 reviews","208 pages, Paperback","First published April 26, 1993",https://images-na.ssl-images-amazon.com/images/S/compressed.photo.goodreads.com/books/1342493368i/3636.jpg,https://www.goodreads.com/book/show/3636.The_Giver,Science Fiction
Old Man's War,John Scalzi,4.23,"187,134 ratings","11,345 reviews","318 pages, Kindle Edition","First published December 27, 2005",https://images-na.ssl-images-amazon.com/images/S/compressed.photo.goodreads.com/books/1509467059i/36510196.jpg,https://www.goodreads.com/book/show/36510196-old-man-s-war,Science Fiction
Foundation and Empire,Isaac Asimov,4.22,"193,944 ratings","4,755 reviews","256 pages, Hardcover","First published January 1, 1952",https://images-na.ssl-images-amazon.com/images/S/compressed.photo.goodreads.com/books/1391454612i/29581.jpg,https://www.goodreads.com/book/show/29581.Foundation_and_Empire,Science Fiction
"The Long Way to a Small, Angry Planet",Becky Chambers,4.18,"129,919 ratings","19,485 reviews","518 pages, Paperback","First published July 29, 2014",https://images-na.ssl-images-amazon.com/images/S/compressed.photo.goodreads.com/books/1405532474i/22733729.jpg,https://www.goodreads.com/book/show/22733729-the-long-way-to-a-small-angry-planet,Science Fiction
A Wrinkle in Time,Madeleine L'Engle,3.99,"1,162,248 ratings","38,208 reviews","218 pages, Paperback","First published January 1, 1962",https://images-na.ssl-images-amazon.com/images/S/compressed.photo.goodreads.com/books/1507963312i/33574273.jpg,https://www.goodreads.com/book/show/33574273-a-wrinkle-in-time,Science Fiction
Second Foundation,Isaac Asimov,4.27,"175,780 ratings","3,945 reviews","256 pages, Hardcover","First published January 1, 1953",https://images-na.ssl-images-amazon.com/images/S/compressed.photo.goodreads.com/books/1661015922i/29580.jpg,https://www.goodreads.com/book/show/29580.Second_Foundation,Science Fiction
"Life, the Universe and Everything",Douglas Adams,4.18,"225,244 ratings","4,673 reviews","224 pages, Paperback","First published December 29, 1982",https://images-na.ssl-images-amazon.com/images/S/compressed.photo.goodreads.com/books/1333577589i/8694.jpg,https://www.goodreads.com/book/show/8694.Life_the_Universe_and_Everything,Science Fiction
Artemis,Andy Weir,3.69,"249,003 ratings","25,858 reviews","305 pages, Hardcover","First published November 14, 2017",https://images-na.ssl-images-amazon.com/images/S/compressed.photo.goodreads.com/books/1494273579i/34928122.jpg,https://www.goodreads.com/book/show/34928122-artemis,Science Fiction
Annihilation,Jeff VanderMeer,3.75,"210,506 ratings","23,185 reviews","195 pages, Paperback","First published February 4, 2014",https://images-na.ssl-images-amazon.com/images/S/compressed.photo.goodreads.com/books/1403941587i/17934530.jpg,https://www.goodreads.com/book/show/17934530-annihilation,Science Fiction
Starship Troopers,Robert A. Heinlein,4.01,"220,089 ratings","6,982 reviews","264 pages, Mass Market Paperback","First published December 1, 1959",https://images-na.ssl-images-amazon.com/images/S/compressed.photo.goodreads.com/books/1614054412i/17214.jpg,https://www.goodreads.com/book/show/17214.Starship_Troopers,Science Fiction
The Forever War,Joe Haldeman,4.14,"160,632 ratings","7,039 reviews","278 pages, Paperback","First published December 1, 1974",https://images-na.ssl-images-amazon.com/images/S/compressed.photo.goodreads.com/books/1386852511i/21611.jpg,https://www.goodreads.com/book/show/21611.The_Forever_War,Science Fiction
The Maze Runner,James Dashner,4.04,"1,423,719 ratings","62,976 reviews","384 pages, Hardcover","First published October 6, 2009",https://images-na.ssl-images-amazon.com/images/S/compressed.photo.goodreads.com/books/1375596592i/6186357.jpg,https://www.goodreads.com/book/show/6186357-the-maze-runner,Science Fiction
Flowers for Algernon,Daniel Keyes,4.19,"624,149 ratings","29,181 reviews","216 pages, Paperback","First published April 1, 1966",https://images-na.ssl-images-amazon.com/images/S/compressed.photo.goodreads.com/books/1510416245i/36576608.jpg,https://www.goodreads.com/book/show/36576608-flowers-for-algernon,Science Fiction
Childhood's End,Arthur C. Clarke,4.12,"152,750 ratings","6,836 reviews","224 pages, Mass Market Paperback","First published January 1, 1953",https://images-na.ssl-images-amazon.com/images/S/compressed.photo.goodreads.com/books/1320552628i/414999.jpg,https://www.goodreads.com/book/show/414999.Childhood_s_End,Science Fiction
Ancillary Justice,Ann Leckie,3.98,"100,080 ratings","10,163 reviews","416 pages, Paperback","First published October 1, 2013",https://images-na.ssl-images-amazon.com/images/S/compressed.photo.goodreads.com/books/1597476110i/17333324.jpg,https://www.goodreads.com/book/show/17333324-ancillary-justice,Science Fiction
The Man in the High Castle,Philip K. Dick,3.60,"202,911 ratings","14,050 reviews","259 pages, Paperback","First published October 1, 1962",https://images-na.ssl-images-amazon.com/images/S/compressed.photo.goodreads.com/books/1448756803i/216363.jpg,https://www.goodreads.com/book/show/216363.The_Man_in_the_High_Castle,Science Fiction
Rendezvous with Rama,Arthur C. Clarke,4.12,"158,623 ratings","5,343 reviews","243 pages, Paperback","First published June 1, 1973",https://images-na.ssl-images-amazon.com/images/S/compressed.photo.goodreads.com/books/1405456427i/112537.jpg,https://www.goodreads.com/book/show/112537.Rendezvous_with_Rama,Science Fiction
Children of Dune,Frank Herbert,3.96,"166,197 ratings","6,255 reviews","609 pages, Paperback","First published April 1, 1976",https://images-na.ssl-images-amazon.com/images/S/compressed.photo.goodreads.com/books/1564783201i/44492286.jpg,https://www.goodreads.com/book/show/44492286-children-of-dune,Science Fiction
Station Eleven,Emily St. John Mandel,4.07,"475,666 ratings","53,917 reviews","333 pages, Hardcover","First published September 9, 2014",https://images-na.ssl-images-amazon.com/images/S/compressed.photo.goodreads.com/books/1680459872i/20170404.jpg,https://www.goodreads.com/book/show/20170404-station-eleven,Science Fiction
Never Let Me Go,Kazuo Ishiguro,3.84,"639,761 ratings","47,024 reviews","288 pages, Paperback","First published April 5, 2005",https://images-na.ssl-images-amazon.com/images/S/compressed.photo.goodreads.com/books/1353048590i/6334.jpg,https://www.goodreads.com/book/show/6334.Never_Let_Me_Go,Science Fiction
The Host,Stephenie Meyer,3.85,"981,965 ratings","43,247 reviews","624 pages, Hardcover","First published May 6, 2008",https://images-na.ssl-images-amazon.com/images/S/compressed.photo.goodreads.com/books/1318009171i/1656001.jpg,https://www.goodreads.com/book/show/1656001.The_Host,Science Fiction
The Dispossessed: An Ambiguous Utopia,Ursula K. Le Guin,4.24,"115,377 ratings","8,686 reviews","387 pages, Paperback","First published May 1, 1974",https://images-na.ssl-images-amazon.com/images/S/compressed.photo.goodreads.com/books/1353467455i/13651.jpg,https://www.goodreads.com/book/show/13651.The_Dispossessed,Science Fiction
Insurgent,Veronica Roth,3.98,"1,430,489 ratings","62,241 reviews","525 pages, Hardcover","First published May 1, 2012",https://images-na.ssl-images-amazon.com/images/S/compressed.photo.goodreads.com/books/1618525340i/11735983.jpg,https://www.goodreads.com/book/show/11735983-insurgent,Science Fiction
"So Long, and Thanks for All the Fish",Douglas Adams,4.09,"166,231 ratings","3,713 reviews","225 pages, Kindle Edition","First published October 12, 1984",https://images-na.ssl-images-amazon.com/images/S/compressed.photo.goodreads.com/books/1327873354i/6091075.jpg,https://www.goodreads.com/book/show/6091075-so-long-and-thanks-for-all-the-fish,Science Fiction
The Moon Is a Harsh Mistress,Robert A. Heinlein,4.16,"126,402 ratings","4,663 reviews","288 pages, Paperback","First published June 2, 1966",https://images-na.ssl-images-amazon.com/images/S/compressed.photo.goodreads.com/books/1348768309i/16690.jpg,https://www.goodreads.com/book/show/16690.The_Moon_Is_a_Harsh_Mistress,Science Fiction
Caliban's War,James S.A. Corey,4.37,"141,758 ratings","7,919 reviews","624 pages, Paperback","First published June 7, 2012",https://images-na.ssl-images-amazon.com/images/S/compressed.photo.goodreads.com/books/1407572377i/12591698.jpg,https://www.goodreads.com/book/show/12591698-caliban-s-war,Science Fiction
Scarlet,Marissa Meyer,4.25,"398,111 ratings","37,155 reviews","454 pages, Hardcover","First published February 5, 2013",https://images-na.ssl-images-amazon.com/images/S/compressed.photo.goodreads.com/books/1470056982i/13206760.jpg,https://www.goodreads.com/book/show/13206760-scarlet,Science Fiction
This is How You Lose the Time War,Amal El-Mohtar,3.95,"141,194 ratings","28,681 reviews","209 pages, Kindle Edition","First published July 16, 2019",https://images-na.ssl-images-amazon.com/images/S/compressed.photo.goodreads.com/books/1653185078i/43352954.jpg,https://www.goodreads.com/book/show/43352954-this-is-how-you-lose-the-time-war,Science Fiction
Redshirts,John Scalzi,3.86,"102,045 ratings","11,280 reviews","320 pages, Hardcover","First published June 5, 2012",https://images-na.ssl-images-amazon.com/images/S/compressed.photo.goodreads.com/books/1348617890i/13055592.jpg,https://www.goodreads.com/book/show/13055592-redshirts,Science Fiction
Artificial Condition,Martha Wells,4.28,"109,623 ratings","10,180 reviews","158 pages, Hardcover","First published May 8, 2018",https://images-na.ssl-images-amazon.com/images/S/compressed.photo.goodreads.com/books/1505590203i/36223860.jpg,https://www.goodreads.com/book/show/36223860-artificial-condition,Science Fiction
Illuminae,Amie Kaufman,4.25,"147,135 ratings","29,350 reviews","608 pages, Hardcover","First published October 20, 2015",https://images-na.ssl-images-amazon.com/images/S/compressed.photo.goodreads.com/books/1443433956i/23395680.jpg,https://www.goodreads.com/book/show/23395680-illuminae,Science Fiction
Xenocide,Orson Scott Card,3.81,"153,659 ratings","4,282 reviews","592 pages, Mass Market Paperback","First published August 1, 1991",https://images-na.ssl-images-amazon.com/images/S/compressed.photo.goodreads.com/books/1386924577i/8648.jpg,https://www.goodreads.com/book/show/8648.Xenocide,Science Fiction
Recursion,Blake Crouch,4.16,"204,647 ratings","25,439 reviews","336 pages, Hardcover","First published June 11, 2019",https://images-na.ssl-images-amazon.com/images/S/compressed.photo.goodreads.com/books/1543687940i/42046112.jpg,https://www.goodreads.com/book/show/42046112-recursion,Science Fiction
Ringworld,Larry Niven,3.95,"118,113 ratings","4,254 reviews","288 pages, Paperback","First published October 1, 1970",https://images-na.ssl-images-amazon.com/images/S/compressed.photo.goodreads.com/books/1408793358i/61179.jpg,https://www.goodreads.com/book/show/61179.Ringworld,Science Fiction
Children of Time,Adrian Tchaikovsky,4.30,"103,575 ratings","10,450 reviews","608 pages, Hardcover","First published January 1, 2015",https://images-na.ssl-images-amazon.com/images/S/compressed.photo.goodreads.com/books/1431014197i/25499718.jpg,https://www.goodreads.com/book/show/25499718-children-of-time,Science Fiction
Oryx and Crake,Margaret Atwood,4.01,"257,103 ratings","15,944 reviews","389 pages, Paperback","First published April 22, 2003",https://images-na.ssl-images-amazon.com/images/S/compressed.photo.goodreads.com/books/1668379066i/46756.jpg,https://www.goodreads.com/book/show/46756.Oryx_and_Crake,Science Fiction
A Canticle for Leibowitz,Walter M. Miller Jr.,3.98,"105,206 ratings","5,824 reviews","334 pages, Paperback","First published October 1, 1959",https://images-na.ssl-images-amazon.com/images/S/compressed.photo.goodreads.com/books/1450516880i/164154.jpg,https://www.goodreads.com/book/show/164154.A_Canticle_for_Leibowitz,Science Fiction
The Invisible Man,H.G. Wells,3.64,"183,506 ratings","8,774 reviews","192 pages, Mass Market Paperback","First published February 2, 1897",https://images-na.ssl-images-amazon.com/images/S/compressed.photo.goodreads.com/books/1630661776i/17184.jpg,https://www.goodreads.com/book/show/17184.The_Invisible_Man,Science Fiction
Altered Carbon,Richard K. Morgan,4.04,"102,428 ratings","6,812 reviews","544 pages, Kindle Edition","First published February 28, 2002",https://images-na.ssl-images-amazon.com/images/S/compressed.photo.goodreads.com/books/1531415180i/40792913.jpg,https://www.goodreads.com/book/show/40792913-altered-carbon,Science Fiction
Wool Omnibus,Hugh Howey,4.22,"184,492 ratings","15,236 reviews","509 pages, Kindle Edition","First published January 27, 2012",https://images-na.ssl-images-amazon.com/images/S/compressed.photo.goodreads.com/books/1349614200i/13453029.jpg,https://www.goodreads.com/book/show/13453029-wool-omnibus,Science Fiction
Ender's Shadow,Orson Scott Card,4.31,"168,168 ratings","5,685 reviews","469 pages, Paperback","First published October 1, 1999",https://images-na.ssl-images-amazon.com/images/S/compressed.photo.goodreads.com/books/1424904668i/9532.jpg,https://www.goodreads.com/book/show/9532.Ender_s_Shadow,Science Fiction
The Ultimate Hitchhiker's Guide to the Galaxy,Douglas Adams,4.38,"315,246 ratings","6,067 reviews","815 pages, Paperback","First published January 17, 1996",https://images-na.ssl-images-amazon.com/images/S/compressed.photo.goodreads.com/books/1404613595i/13.jpg,https://www.goodreads.com/book/show/13.The_Ultimate_Hitchhiker_s_Guide_to_the_Galaxy,Science Fiction
The Caves of Steel,Isaac Asimov,4.19,"95,082 ratings","3,636 reviews","206 pages, Mass Market Paperback","First published October 1, 1953",https://images-na.ssl-images-amazon.com/images/S/compressed.photo.goodreads.com/books/1335782224i/41811.jpg,https://www.goodreads.com/book/show/41811.The_Caves_of_Steel,Science Fiction
Consider Phlebas,Iain M. Banks,3.86,"87,144 ratings","4,670 reviews","467 pages, Paperback","First published April 23, 1987",https://images-na.ssl-images-amazon.com/images/S/compressed.photo.goodreads.com/books/1327951890i/8935689.jpg,https://www.goodreads.com/book/show/8935689-consider-phlebas,Science Fiction
Cress,Marissa Meyer,4.41,"349,696 ratings","32,129 reviews","566 pages, Hardcover","First published February 4, 2014",https://images-na.ssl-images-amazon.com/images/S/compressed.photo.goodreads.com/books/1470057005i/13206828.jpg,https://www.goodreads.com/book/show/13206828-cress,Science Fiction
The 5th Wave,Rick Yancey,4.01,"445,106 ratings","31,282 reviews","457 pages, Hardcover","First published May 7, 2013",https://images-na.ssl-images-amazon.com/images/S/compressed.photo.goodreads.com/books/1359853842i/16101128.jpg,https://www.goodreads.com/book/show/16101128-the-5th-wave,Science Fiction
Twenty Thousand Leagues Under the Sea,Jules Verne,3.89,"242,681 ratings","9,416 reviews","269 pages, Hardcover","First published March 20, 1869",https://images-na.ssl-images-amazon.com/images/S/compressed.photo.goodreads.com/books/1494979127i/33507.jpg,https://www.goodreads.com/book/show/33507.Twenty_Thousand_Leagues_Under_the_Sea,Science Fiction
Sleeping Giants,Sylvain Neuvel,3.82,"86,694 ratings","12,007 reviews","320 pages, Hardcover","First published April 26, 2016",https://images-na.ssl-images-amazon.com/images/S/compressed.photo.goodreads.com/books/1459785141i/25733990.jpg,https://www.goodreads.com/book/show/25733990-sleeping-giants,Science Fiction
Kindred,Octavia E. Butler,4.30,"190,890 ratings","21,290 reviews","288 pages, Paperback","First published January 1, 1979",https://images-na.ssl-images-amazon.com/images/S/compressed.photo.goodreads.com/books/1339423248i/60931.jpg,https://www.goodreads.com/book/show/60931.Kindred,Science Fiction
Abaddon's Gate,James S.A. Corey,4.27,"119,762 ratings","6,361 reviews","539 pages, Paperback","First published June 4, 2013",https://images-na.ssl-images-amazon.com/images/S/compressed.photo.goodreads.com/books/1407572059i/16131032.jpg,https://www.goodreads.com/book/show/16131032-abaddon-s-gate,Science Fiction
Solaris,Stanisław Lem,4.00,"98,266 ratings","6,128 reviews","204 pages, Paperback","First published January 1, 1961",https://images-na.ssl-images-amazon.com/images/S/compressed.photo.goodreads.com/books/1498631519i/95558.jpg,https://www.goodreads.com/book/show/95558.Solaris,Science Fiction
Mostly Harmless,Douglas Adams,3.97,"125,413 ratings","3,311 reviews","288 pages, Paperback","First published October 12, 1992",https://images-na.ssl-images-amazon.com/images/S/compressed.photo.goodreads.com/books/1397933521i/569429.jpg,https://www.goodreads.com/book/show/569429.Mostly_Harmless,Science Fiction
The Andromeda Strain,Michael Crichton,3.91,"248,844 ratings","5,418 reviews","327 pages, Mass Market Paperback","First published September 1, 1969",https://images-na.ssl-images-amazon.com/images/S/compressed.photo.goodreads.com/books/1587497243i/7670.jpg,https://www.goodreads.com/book/show/7670.The_Andromeda_Strain,Science Fiction
Allegiant,Veronica Roth,3.61,"1,004,676 ratings","69,795 reviews","531 pages, Hardcover","First published October 22, 2013",https://images-na.ssl-images-amazon.com/images/S/compressed.photo.goodreads.com/books/1395582745i/18710190.jpg,https://www.goodreads.com/book/show/18710190-allegiant,Science Fiction
Stories of Your Life and Others,Ted Chiang,4.26,"94,966 ratings","11,397 reviews","281 pages, ebook","First published July 5, 2002",https://images-na.ssl-images-amazon.com/images/S/compressed.photo.goodreads.com/books/1356138316i/223380.jpg,https://www.goodreads.com/book/show/223380.Stories_of_Your_Life_and_Others,Science Fiction
Contact,Carl Sagan,4.14,"138,289 ratings","4,188 reviews","580 pages, Mass Market Paperback","First published September 1, 1985",https://images-na.ssl-images-amazon.com/images/S/compressed.photo.goodreads.com/books/1602082958i/61666.jpg,https://www.goodreads.com/book/show/61666.Contact,Science Fiction
Rogue Protocol,Martha Wells,4.27,"87,849 ratings","7,364 reviews","158 pages, Hardcover","First published August 7, 2018",https://images-na.ssl-images-amazon.com/images/S/compressed.photo.goodreads.com/books/1506001607i/35519101.jpg,https://www.goodreads.com/book/show/35519101-rogue-protocol,Science Fiction
Binti,Nnedi Okorafor,3.88,"68,409 ratings","9,785 reviews","96 pages, ebook","First published September 22, 2015",https://images-na.ssl-images-amazon.com/images/S/compressed.photo.goodreads.com/books/1433804020i/25667918.jpg,https://www.goodreads.com/book/show/25667918-binti,Science Fiction
Cat's Cradle,Kurt Vonnegut Jr.,4.16,"387,154 ratings","14,071 reviews","179 pages, Paperback","First published January 1, 1963",https://images-na.ssl-images-amazon.com/images/S/compressed.photo.goodreads.com/books/1327867150i/135479.jpg,https://www.goodreads.com/book/show/135479.Cat_s_Cradle,Science Fiction
Golden Son,Pierce Brown,4.45,"208,592 ratings","16,720 reviews","466 pages, ebook","First published January 6, 2015",https://images-na.ssl-images-amazon.com/images/S/compressed.photo.goodreads.com/books/1394684475i/18966819.jpg,https://www.goodreads.com/book/show/18966819-golden-son,Science Fiction
Parable of the Sower,Octavia E. Butler,4.21,"145,218 ratings","15,439 reviews","345 pages, Paperback","First published October 1, 1993",https://images-na.ssl-images-amazon.com/images/S/compressed.photo.goodreads.com/books/1442169447i/52397.jpg,https://www.goodreads.com/book/show/52397.Parable_of_the_Sower,Science Fiction
